"Chromosome","Start","Stop","Name","BioType","Function","Length","Fmean","Mmean","quotient","value"
"chrZ",385689,411297,"LOC_00019013","protein_coding","ZNF665:_Zinc_finger_protein_665_(Pongo_abelii)",2586,18.3552066666667,127.530266666667,0.143928238734439,-2.79657841813028
"chrZ",412862,422502,"LOC_00019014","protein_coding","ZKSCAN1:_Zinc_finger_protein_with_KRAB_and_SCAN_domains_1_(Homo_sapiens)",1295,23.0812833333333,16.2477366666667,1.42058452859383,0.506484678310215
"chrZ",490099,494021,"LOC_00019018","protein_coding","Klhl21:_Kelch-like_protein_21_(Rattus_norvegicus)",1480.5,1.85861333333333,0.46004,4.04011245398951,2.01439545004516
"chrZ",501508,524083,"LOC_00019020","protein_coding","SPPL2B:_Signal_peptide_peptidase-like_2B_(Gallus_gallus)",1341.59,5.01891333333333,2.11097,2.37753891970674,1.24946895782961
"chrZ",558725,561327,"LOC_00019022","protein_coding","function_unknown",231,402.972333333333,13.5254533333333,29.7936286054244,4.89693193691224
"chrZ",623198,625045,"LOC_00019024","protein_coding","LINGO3:_Leucine-rich_repeat_and_immunoglobulin-like_domain-containing_nogo_receptor-interacting_protein_3_(Homo_sapiens)",1818,31.7175,15.3195,2.07040046998923,1.04990984994067
"chrZ",636110,656522,"LOC_00019025","protein_coding","LMNB2:_Lamin-B2_(Gallus_gallus)",1791,29.4530333333333,3.94799,7.46026036877837,2.89922598251675
"chrZ",695646,727805,"LOC_00019026","protein_coding","THOP1:_Thimet_oligopeptidase_(Homo_sapiens)",2034,4.49168666666667,135.248,0.0332107437201782,-4.91220615891246
"chrZ",725067,733038,"LOC_00019028","protein_coding","function_unknown",813,474.887333333333,188.689666666667,2.51676385740961,1.3315698578472
"chrZ",749065,762682,"LOC_00019029","protein_coding","SLC39A3:_Zinc_transporter_ZIP3_(Bos_taurus)",954,12.2168333333333,0.117667666666667,103.824896672266,6.69800862575141
"chrZ",769763,787408,"LOC_00019030","protein_coding","DIRAS1:_GTP-binding_protein_Di-Ras1_(Homo_sapiens)",597,3.22422333333333,0.290837666666667,11.0859895497259,3.47066564766045
"chrZ",884876,887086,"LOC_00019031","protein_coding","function_unknown",381,20.9917666666667,14.9124666666667,1.40766562205224,0.493304675809054
"chrZ",906270,918757,"LOC_00019032","protein_coding","function_unknown",555,51.9625666666667,68.5514666666667,0.758008095134361,-0.39971483917195
"chrZ",1033051,1036914,"LOC_00019035","protein_coding","GADD45B:_Growth_arrest_and_DNA_damage-inducible_protein_GADD45_beta_(Homo_sapiens)",477,4.4939,0.656283333333333,6.84749980953348,2.77557732080139
"chrZ",1064788,1070599,"LOC_00019036","protein_coding","CARTPT:_Cocaine-_and_amphetamine-regulated_transcript_protein_(Homo_sapiens)",330,8.16926666666667,1.16894,6.98861076416811,2.80500569696844
"chrZ",1097830,1141982,"LOC_00019038","protein_coding","Map1b:_Microtubule-associated_protein_1B_(Rattus_norvegicus)",4020,12.2433333333333,18.4788333333333,0.662559865792393,-0.59387727929808
"chrZ",1133708,1199996,"LOC_00019040","protein_coding","FCHO1:_F-BAR_domain_only_protein_1_(Homo_sapiens)",3162,4.76229,1.36181,3.49702968842937,1.80613004401047
"chrZ",1236227,1237375,"LOC_00019041","protein_coding","B3GNT3:_N-acetyllactosaminide_beta-1,3-N-acetylglucosaminyltransferase_3_(Homo_sapiens)",1146,2.79803,1.39504333333333,2.00569396888508,1.00410149465739
"chrZ",1244086,1294030,"LOC_00019042","protein_coding","Jak3:_Tyrosine-protein_kinase_JAK3_(Mus_musculus)",3354,0.42624,7.14229,0.0596783384600737,-4.06664882054855
"chrZ",1491550,1536288,"LOC_00019045","protein_coding","KCNN2:_Small_conductance_calcium-activated_potassium_channel_protein_2_(Homo_sapiens)",1605,2.84369666666667,0.51634,5.50741113736427,2.46137431208355
"chrZ",1551244,1558834,"LOC_00019046","protein_coding","Marveld2:_MARVEL_domain-containing_protein_2_(Mus_musculus)",1665,1.82110333333333,0.782716666666667,2.326644379618,1.21825071612842
"chrZ",1562820,1589938,"LOC_00019047","protein_coding","OCLN:_Occludin_(Gallus_gallus)",1548,0.988343333333333,0.494183333333333,1.9999527840545,0.999965940492749
"chrZ",1597416,1626073,"LOC_00019048","protein_coding","Nr2f6:_Nuclear_receptor_subfamily_2_group_F_member_6_(Mus_musculus)",1191,1.30588,1.46357666666667,0.892252541149194,-0.16447598978917
"chrZ",1712777,1716981,"LOC_00019051","protein_coding","ABHD8:_Protein_ABHD8_(Bos_taurus)",1245,12.86551,1.44621666666667,8.89597685916126,3.15315303522681
"chrZ",1761755,1797569,"LOC_00019052","protein_coding","Vmn2r26:_Vomeronasal_type-2_receptor_26_(Mus_musculus)",1938,6.0247,0.45026,13.3804912717097,3.74205918113938
"chrZ",1867747,1887941,"LOC_00019054","protein_coding","SLC1A7:_Excitatory_amino_acid_transporter_5_(Homo_sapiens)",1629,2.01738333333333,1.06030666666667,1.90264137419363,0.928003655973413
"chrZ",1889532,1895591,"LOC_00019055","protein_coding","POLE4:_DNA_polymerase_epsilon_subunit_4_(Homo_sapiens)",354,51.7100666666667,1.53357266666667,33.718693473497,5.07547673093531
"chrZ",1929659,1934705,"LOC_00019057","protein_coding","Kcnv2:_Potassium_voltage-gated_channel_subfamily_V_member_2_(Mus_musculus)",1809,3.31215,0.475663333333333,6.96322328818002,2.79975528673617
"chrZ",1937449,1952408,"LOC_00019058","protein_coding","Lrp2:_Low-density_lipoprotein_receptor-related_protein_2_(Mus_musculus)",842.4,12.4735,1.813889,6.87666114078645,2.78170825608428
"chrZ",1972093,1975140,"LOC_00019061","protein_coding","KANK3:_KN_motif_and_ankyrin_repeat_domain-containing_protein_3_(Homo_sapiens)",441,5.76296666666667,5.58750666666667,1.03140219966926,0.0446070274856725
"chrZ",2172498,2176300,"LOC_00019064","protein_coding","Vmn2r26:_Vomeronasal_type-2_receptor_26_(Mus_musculus)",1281,7.56777333333333,0.560693333333333,13.4971701702654,3.75458505703208
"chrZ",2206174,2261761,"LOC_00019065","protein_coding","Vmn2r26:_Vomeronasal_type-2_receptor_26_(Mus_musculus)",1383,0.868486666666667,0.47406,1.83201845054775,0.8734340331181
"chrZ",2377013,2415862,"LOC_00019069","protein_coding","SAFB:_Scaffold_attachment_factor_B1_(Pongo_abelii)",2006.67,4.28826666666667,4.73590666666667,0.905479556184947,-0.143246026349742
"chrZ",2429432,2466096,"LOC_00019070","protein_coding","SAFB:_Scaffold_attachment_factor_B1_(Homo_sapiens)",2601,7.76391,9.69577333333333,0.800752011529422,-0.320572577760176
"chrZ",3368876,3559036,"LOC_00019076","protein_coding","KDM4B:_Lysine-specific_demethylase_4B_(Homo_sapiens)",1675.2,2.00988333333333,7.61790333333333,0.263836812491276,-1.92228222061884
"chrZ",3494828,3522371,"LOC_00019077","protein_coding","function_unknown",495,728.968,0.305296,2387.74173261359,11.2214310822247
"chrZ",3644874,3667296,"LOC_00019080","protein_coding","Plin3:_Perilipin-3_(Mus_musculus)",1827,0.954863333333333,3.14769666666667,0.303353033805672,-1.72093035518454
"chrZ",3671224,3686567,"LOC_00019081","protein_coding","TICAM1:_TIR_domain-containing_adapter_molecule_1_(Homo_sapiens)",1974,43.7734666666667,409.282,0.106951849010381,-3.22496667049522
"chrZ",3674090,3686572,"LOC_00019082","protein_coding","FEM1A:_Protein_fem-1_homolog_A_(Homo_sapiens)",1986,4.49306666666667,13.9194,0.322791691212744,-1.6313246513412
"chrZ",3770631,3850622,"LOC_00019083","protein_coding","dpp9:_Dipeptidyl_peptidase_9_(Danio_rerio)",1253.81,5.665,8.17485333333333,0.692978793503329,-0.529116891118961
"chrZ",4045011,4072523,"LOC_00019089","protein_coding","Mpnd:_MPN_domain-containing_protein_(Mus_musculus)",1088,4.11653333333333,70.8289666666667,0.0581193475927222,-4.10483768140182
"chrZ",4072386,4136353,"LOC_00019090","protein_coding","SH3GL1:_Endophilin-A2_(Gallus_gallus)",1008,1.95725666666667,11.6914766666667,0.167408850264994,-2.57855229521949
"chrZ",4141279,4180144,"LOC_00019092","protein_coding","CHAF1A:_Chromatin_assembly_factor_1_subunit_A_(Gallus_gallus)",2715,13.7806066666667,12.1703533333333,1.13230949745091,0.179268348107106
"chrZ",4181098,4209063,"LOC_00019093","protein_coding","Ubxn6:_UBX_domain-containing_protein_6_(Mus_musculus)",1323,2.36060666666667,19.8727333333333,0.118786209580296,-3.07356073791489
"chrZ",4211500,4243641,"LOC_00019094","protein_coding","HDGFL2:_Hepatoma-derived_growth_factor-related_protein_2_(Homo_sapiens)",1935,3.39747,17.5957133333333,0.193085096104847,-2.37269128536549
"chrZ",4251744,4258810,"LOC_00019096","protein_coding","Plin3:_Perilipin-3_(Mus_musculus)",1638,23.5848666666667,43.3374666666667,0.544214244179786,-0.877753376927849
"chrZ",4288989,4310427,"LOC_00019097","protein_coding","PLIN3:_Perilipin-3_(Sus_scrofa)",1284,2.57048666666667,4.77609666666667,0.538198207881052,-0.893790507858165
"chrZ",4346844,4355362,"LOC_00019099","protein_coding","Phospholipase_A2_inhibitor_(Gloydius_brevicaudus_siniticus)",999,1.64966666666667,0.536336666666667,3.07580437660425,1.62096374976346
"chrZ",4392126,4437478,"LOC_00019100","protein_coding","Sema6b:_Semaphorin-6B_(Mus_musculus)",2481,0.665943333333333,0.3965,1.6795544346364,0.748078554314507
"chrZ",4724045,4760644,"LOC_00019102","protein_coding","MYDGF:_Myeloid-derived_growth_factor_(Bos_taurus)",464,3.94106666666667,4.44000333333333,0.88762696124102,-0.171974605520562
"chrZ",4728040,4747441,"LOC_00019103","protein_coding","TNFAIP8L1:_Tumor_necrosis_factor_alpha-induced_protein_8-like_protein_1_(Gallus_gallus)",561,27.1353,29.9783333333333,0.905163729360093,-0.143749319076979
"chrZ",4764422,4777613,"LOC_00019104","protein_coding","CTSV:_Cathepsin_L2_(Homo_sapiens)",780,18.4022133333333,10.49819,1.75289391155364,0.809738684114052
"chrZ",4792756,4810201,"LOC_00019105","protein_coding","CTSV:_Cathepsin_L2_(Homo_sapiens)",882,3.9145,14.4566566666667,0.27077491637647,-1.88483399591311
"chrZ",4861191,4872883,"LOC_00019107","protein_coding","CTSL:_Procathepsin_L_(Sus_scrofa)",1023,10.6147333333333,2.072676,5.12126995890015,2.35650161026846
"chrZ",4964663,4984942,"LOC_00019108","protein_coding","LOX:_Protein-lysine_6-oxidase_(Homo_sapiens)",1440,4.80879333333333,1.87751533333333,2.56125382731007,1.35685023507337
"chrZ",5018999,5041956,"LOC_00019111","protein_coding","EEF2:_Elongation_factor_2_(Pongo_abelii)",2577,9.45747666666667,5.25866,1.7984575284705,0.846760089866126
"chrZ",5114815,5190163,"LOC_00019114","protein_coding","ZBTB7A:_Zinc_finger_and_BTB_domain-containing_protein_7A_(Gallus_gallus)",1650,4.59916666666667,3.78094333333333,1.21640719291394,0.282626252516029
"chrZ",5249354,5272594,"LOC_00019117","protein_coding","CREB3L3:_Cyclic_AMP-responsive_element-binding_protein_3-like_protein_3_(Homo_sapiens)",1401,2.21438,12.0621,0.183581631722503,-2.44550637790324
"chrZ",5271048,5290651,"LOC_00019118","protein_coding","SIRT6:_NAD-dependent_protein_deacylase_sirtuin-6_(Castor_canadensis)",684,18.7937,2.33230933333333,8.05797915885371,3.01041807410685
"chrZ",5488984,5524124,"LOC_00019121","protein_coding","function_unknown",795,64.2769333333333,0.145619,441.404853304399,8.78595868210112
"chrZ",5545493,5593502,"LOC_00019122","protein_coding","ZFR2:_Zinc_finger_RNA-binding_protein_2_(Homo_sapiens)",2392.8,1.90269,1.841214,1.03338884018914,0.0473832089540587
"chrZ",5689921,5756471,"LOC_00019126","protein_coding","CERS4:_Ceramide_synthase_4_(Bos_taurus)",1200,1.32505666666667,0.330166666666667,4.01329631499243,2.00478767901553
"chrZ",5802352,5947010,"LOC_00019127","protein_coding","Fbn2:_Fibrillin-2_(Mus_musculus)",8625,0.507848,0.0791543333333333,6.41592163831839,2.68165652135957
"chrZ",5986649,6010488,"LOC_00019129","protein_coding","TIMM44:_Mitochondrial_import_inner_membrane_translocase_subunit_TIM44_(Homo_sapiens)",1308,1.09777666666667,0.263521,4.16580335786016,2.05859474016214
"chrZ",6014919,6041985,"LOC_00019130","protein_coding","Hnrnpm:_Heterogeneous_nuclear_ribonucleoprotein_M_(Mus_musculus)",405,12.31644,53.3944666666667,0.230668845835461,-2.11610492829061
"chrZ",6042244,6058538,"LOC_00019131","protein_coding","marchf2:_E3_ubiquitin-protein_ligase_MARCHF2_(Xenopus_laevis)",741,9.95758,77.1122,0.129131058379867,-2.95309205797861
"chrZ",6095539,6114990,"LOC_00019133","protein_coding","ANGPTL4:_Angiopoietin-related_protein_4_(Sus_scrofa)",588,3.76696666666667,0.252786666666667,14.901761696292,3.89741099203546
"chrZ",6128312,6150008,"LOC_00019134","protein_coding","function_unknown",477,19.8129333333333,0.0492416666666667,402.3611440176,8.65234718070406
"chrZ",6128362,6154156,"LOC_00019135","protein_coding","ANP32B:_Acidic_leucine-rich_nuclear_phosphoprotein_32_family_member_B_(Gallus_gallus)",777,4.54831,2.29201666666667,1.98441401676835,0.988713052753815
"chrZ",6355051,6370688,"LOC_00019141","protein_coding","dus3l:_tRNA-dihydrouridine(47)_synthase_[NAD(P)(+)]-like_(Xenopus_laevis)",1547,2.36239333333333,1.62141,1.45699936063879,0.543000244318379
"chrZ",6370775,6404755,"LOC_00019142","protein_coding","dus3l:_tRNA-dihydrouridine(47)_synthase_[NAD(P)(+)]-like_(Xenopus_laevis)",621,27.0623333333333,104.208733333333,0.259693525366716,-1.9451180494416
"chrZ",6540524,6555932,"LOC_00019144","protein_coding","FUT3:_3-galactosyl-N-acetylglucosaminide_4-alpha-L-fucosyltransferase_FUT3_(Pan_troglodytes)",1089,4.4598,1.24601333333333,3.57925543867909,1.8396595074216
"chrZ",6676220,6681896,"LOC_00019148","protein_coding","function_unknown",327,231.447,58.0561666666667,3.98660492568978,1.99516064070283
"chrZ",6927100,6951388,"LOC_00019153","protein_coding","SF3A2:_Splicing_factor_3A_subunit_2_(Homo_sapiens)",790.5,3.50406666666667,1.64753333333333,2.1268563104439,1.08872256869472
"chrZ",6936398,6945913,"LOC_00019154","protein_coding","function_unknown",444,460.145,163.75,2.81004580152672,1.49059364542732
"chrZ",6964625,7059744,"LOC_00019156","protein_coding","DOT1L:_Histone-lysine_N-methyltransferase,_H3_lysine-79_specific_(Homo_sapiens)",5100,10.6370666666667,41.4579666666667,0.256574731515213,-1.96254899972374
"chrZ",7079638,7140619,"LOC_00019157","protein_coding","Ap3d1:_AP-3_complex_subunit_delta-1_(Mus_musculus)",2832,2.88889,2.16390333333333,1.33503653120672,0.416879219568034
"chrZ",7292177,7311605,"LOC_00019161","protein_coding","BTBD2:_BTB/POZ_domain-containing_protein_2_(Homo_sapiens)",1623,4.98015333333333,56.1399333333333,0.0887096410279551,-3.49476528358695
"chrZ",7309043,7389829,"LOC_00019162","protein_coding","Csnk1g2:_Casein_kinase_I_isoform_gamma-2_(Mus_musculus)",1074,1.26558666666667,1683.82333333333,0.000751614876461703,-10.3777187577288
"chrZ",7398653,7431138,"LOC_00019163","protein_coding","Scamp4:_Secretory_carrier-associated_membrane_protein_4_(Rattus_norvegicus)",690,2.61995333333333,6.60561666666667,0.396625094301062,-1.33415213573113
"chrZ",7445388,7457737,"LOC_00019164","protein_coding","RORB:_Nuclear_receptor_ROR-beta_(Homo_sapiens)",1176,1.35693666666667,1.82653,0.742904122388719,-0.428752063234828
"chrZ",7560495,7573131,"LOC_00019165","protein_coding","Mex3d:_RNA-binding_protein_MEX3D_(Mus_musculus)",1452,2.35911333333333,1.35375333333333,1.74264637083073,0.801279838075329
"chrZ",7636457,7741050,"LOC_00019168","protein_coding","Tcf3:_Transcription_factor_E2-alpha_(Rattus_norvegicus)",1980,0.874256666666667,1.51483833333333,0.57712869250074,-0.793035037141914
"chrZ",8076822,8138243,"LOC_00019170","protein_coding","Atp8b3:_Phospholipid-transporting_ATPase_IK_(Mus_musculus)",1500,3.23768333333333,0.931233666666667,3.47676791467662,1.79774676579425
"chrZ",8252844,8268865,"LOC_00019173","protein_coding","Klf16:_Krueppel-like_factor_16_(Mus_musculus)",672,7.45104666666667,4.54879666666667,1.63802588083735,0.711958151765689
"chrZ",8276332,8304642,"LOC_00019174","protein_coding","ABHD17A:_Alpha/beta_hydrolase_domain-containing_protein_17A_(Bos_taurus)",915,9.77057666666667,8.04589666666667,1.21435522620433,0.280190504064484
"chrZ",8422536,8445869,"LOC_00019176","protein_coding","function_unknown",576,278.929666666667,3.97411666666667,70.1865823432461,6.13312334996067
"chrZ",8797649,8814022,"LOC_00019178","protein_coding","DOHH:_Deoxyhypusine_hydroxylase_(Gallus_gallus)",628,9.44340333333333,2.49478333333333,3.78525990901013,1.92039236403303
"chrZ",8943923,8951846,"LOC_00019182","protein_coding","TEKTIP1:_Tektin_bundle-interacting_protein_1_(Bos_taurus)",597,3.22422333333333,3.8796,0.83107107261917,-0.266956234340977
"chrZ",8947524,8993319,"LOC_00019183","protein_coding","FZR1:_Fizzy-related_protein_homolog_(Homo_sapiens)",1482,1.20548333333333,8.34779333333333,0.144407424237463,-2.79178317928809
"chrZ",9043927,9081584,"LOC_00019186","protein_coding","TBXA2R:_Thromboxane_A2_receptor_(Bos_taurus)",964.5,1.98306333333333,1.11693,1.77545892162744,0.828191981451556
"chrZ",9088845,9118787,"LOC_00019187","protein_coding","CACTIN:_Splicing_factor_Cactin_(Homo_sapiens)",1261,1.99659666666667,1.311916,1.52189367815216,0.605867573453465
"chrZ",9386509,9460452,"LOC_00019193","protein_coding","ARHGAP45:_Rho_GTPase-activating_protein_45_(Homo_sapiens)",1104,12.8693733333333,13.0639966666667,0.985102312998141,-0.0216545238314985
"chrZ",9461326,9476469,"LOC_00019194","protein_coding","POLR2E:_DNA-directed_RNA_polymerases_I,_II,_and_III_subunit_RPABC1_(Pongo_abelii)",1047,33.5424,75.7074666666667,0.443052732799583,-1.17444967416384
"chrZ",9496439,9504760,"LOC_00019195","protein_coding","Fgf22:_Fibroblast_growth_factor_22_(Mus_musculus)",564,39.3943666666667,24.0709,1.63659716365681,0.710699256745418
"chrZ",9502458,9540707,"LOC_00019196","protein_coding","Rnf126:_E3_ubiquitin-protein_ligase_RNF126_(Mus_musculus)",949.5,6.94866333333333,0.279245333333333,24.8837223182482,4.63713040706004
"chrZ",9555842,9634635,"LOC_00019197","protein_coding","arid3a:_AT-rich_interactive_domain-containing_protein_3A_(Xenopus_laevis)",1467.67,23.6035166666667,26.3090333333333,0.897163965228673,-0.156556419436334
"chrZ",9674784,9695219,"LOC_00019200","protein_coding","function_unknown",546,10.9220333333333,8.67354666666667,1.2592349765417,0.332547518847534
"chrZ",9698910,9733623,"LOC_00019201","protein_coding","med16:_Mediator_of_RNA_polymerase_II_transcription_subunit_16_(Xenopus_tropicalis)",1922,0.575113333333333,1.23574533333333,0.465397940676019,-1.10346326786363
"chrZ",9743128,9753063,"LOC_00019202","protein_coding","CFD:_Complement_factor_D_(Bos_taurus)",744,6.20988666666667,2.46834,2.51581494715747,1.33102580749671
"chrZ",9771469,9780193,"LOC_00019203","protein_coding","Plppr3:_Phospholipid_phosphatase-related_protein_type_3_(Rattus_norvegicus)",2127,7.28447,2.96501666666667,2.45680575151348,1.29678379485652
"chrZ",9802065,9850006,"LOC_00019204","protein_coding","PTBP1:_Polypyrimidine_tract-binding_protein_1_(Homo_sapiens)",1540.5,2.19956,0.832393333333333,2.64245268663052,1.40187764024576
"chrZ",9870622,9901407,"LOC_00019205","protein_coding","MISP:_Mitotic_interactor_and_substrate_of_PLK1_(Pongo_abelii)",2010,4.78598666666667,7.27033666666667,0.658289551928132,-0.603205794747686
"chrZ",9916003,10015715,"LOC_00019206","protein_coding","PALM:_Paralemmin-1_(Gallus_gallus)",1044,6.97899333333333,43.8401766666667,0.159191724668384,-2.6511627532909
"chrZ",10015781,10059978,"LOC_00019207","protein_coding","MIER2:_Mesoderm_induction_early_response_protein_2_(Homo_sapiens)",1415.14,1.47686666666667,2.37063666666667,0.622983136738232,-0.682734982799229
"chrZ",10162651,10212851,"LOC_00019209","protein_coding","esg1:_Transducin-like_enhancer_protein_1_(Xenopus_laevis)",2265,4.28207666666667,0.588986666666667,7.27024380857518,2.86200374592264
"chrZ",10214833,10268314,"LOC_00019210","protein_coding","TLE2:_Transducin-like_enhancer_protein_2_(Homo_sapiens)",2212.5,1.99783,1.10277566666667,1.81163772504955,0.85729448710125
"chrZ",10285252,10314175,"LOC_00019211","protein_coding","TLE5:_TLE_family_member_5_(Homo_sapiens)",602.25,5.449,10.1233766666667,0.538259138172935,-0.893627187257761
"chrZ",10348023,10375821,"LOC_00019212","protein_coding","GNA11:_Guanine_nucleotide-binding_protein_subunit_alpha-11_(Meleagris_gallopavo)",993,1.50144,0.229544333333333,6.54095868191039,2.70950210120903
"chrZ",10383914,10418265,"LOC_00019213","protein_coding","GNA15:_Guanine_nucleotide-binding_protein_subunit_alpha-15_(Homo_sapiens)",1122,1.43460333333333,5.23277666666667,0.274157187420573,-1.86692479845457
"chrZ",10418901,10427920,"LOC_00019214","protein_coding","Mast_cell_protease_1A_(Ovis_aries)",618,3.5162,1.91098,1.83999832546651,0.879704453324541
"chrZ",10477567,10487791,"LOC_00019215","protein_coding","S1PR4:_Sphingosine_1-phosphate_receptor_4_(Homo_sapiens)",1212,15.9052,47.0139666666667,0.338307977983847,-1.56359089569806
"chrZ",10487936,10493203,"LOC_00019216","protein_coding","env:_Envelope_glycoprotein_gp95_(Rous_sarcoma_virus_subgroup_C_(strain_Prague))",318,9.98116666666667,29.2967333333333,0.340692136324641,-1.55345944659126
"chrZ",10500625,10501219,"LOC_00019217","protein_coding","function_unknown",297,124.0654,40.1915,3.08685667367478,1.62613849850893
"chrZ",10500950,10524739,"LOC_00019218","protein_coding","NCLN:_BOS_complex_subunit_NCLN_(Canis_lupus_familiaris)",1474.71,5.52996666666667,2.38809166666667,2.31564254582634,1.21141256888654
"chrZ",10780460,10807879,"LOC_00019222","protein_coding","function_unknown",432,89.3820666666667,0.420636666666667,212.492333050693,7.73126697799311
"chrZ",12184200,12249676,"LOC_00019226","protein_coding","MYO1F:_Unconventional_myosin-If_(Homo_sapiens)",3312,0.431566666666667,3.73028,0.115692834496785,-3.11162858183419
"chrZ",12442093,12442929,"LOC_00019229","protein_coding","Nfil3:_Nuclear_factor_interleukin-3-regulated_protein_(Mus_musculus)",837,4.11066666666667,2.0673,1.98842290265886,0.991624625453145
"chrZ",12751672,12799961,"LOC_00019235","protein_coding","mau2:_MAU2_chromatid_cohesion_factor_homolog_(Xenopus_tropicalis)",2085,16.6053333333333,23.9752333333333,0.692603617344009,-0.529898172396063
"chrZ",12800785,12907053,"LOC_00019236","protein_coding","GATAD2A:_Transcriptional_repressor_p66-alpha_(Homo_sapiens)",1725,2.5745,7.11795,0.361691217274637,-1.46716952854467
"chrZ",12905759,12914503,"LOC_00019237","protein_coding","Ndufa13:_NADH_dehydrogenase_[ubiquinone]_1_alpha_subcomplex_subunit_13_(Mus_musculus)",441,472.315333333333,76.0391333333333,6.21147707277042,2.6349363782963
"chrZ",12918900,12935404,"LOC_00019238","protein_coding","function_unknown",1182,10.9462666666667,28.7373,0.380907972101299,-1.39248561220886
"chrZ",12936385,12969804,"LOC_00019239","protein_coding","Tmem259:_Membralin_(Mus_musculus)",1310.33,15.2189333333333,1.39771866666667,10.8884095893403,3.4447213377269
"chrZ",12978445,13020668,"LOC_00019240","protein_coding","GRIN3B:_Glutamate_receptor_ionotropic,_NMDA_3B_(Homo_sapiens)",3174,2.78587666666667,0.448303333333333,6.21426712568127,2.63558425829474
"chrZ",13045285,13118973,"LOC_00019242","protein_coding","WDR18:_WD_repeat-containing_protein_18_(Bos_taurus)",1009.29,2.55492666666667,33.0038,0.0774131059655757,-3.69127835582227
"chrZ",13131212,13163490,"LOC_00019245","protein_coding","FKBP8:_Peptidyl-prolyl_cis-trans_isomerase_FKBP8_(Homo_sapiens)",1218,8.77375666666667,9.44519,0.928912670540949,-0.106385123359759
"chrZ",13161511,13164039,"LOC_00019246","protein_coding","hsp30c:_Heat_shock_protein_30C_(Xenopus_laevis)",651,51.8482333333333,85.3154333333333,0.60772396397213,-0.718511913055234
"chrZ",13416904,13429927,"LOC_00019251","protein_coding","RFXANK:_DNA-binding_protein_RFXANK_(Homo_sapiens)",531.713,21.5509866666667,29.9545666666667,0.719455798058615,-0.475022041529214
"chrZ",13438492,13446785,"LOC_00019253","protein_coding","TMEM221:_Transmembrane_protein_221_(Homo_sapiens)",692,9.72732666666667,3.22514,3.01609439176801,1.59268157993438
"chrZ",13663111,13692782,"LOC_00019255","protein_coding","tmem161:_Transmembrane_protein_161A_(Xenopus_tropicalis)",1459.5,2.12070333333333,12.6244466666667,0.167983864111272,-2.57360543500634
"chrZ",13690677,13737162,"LOC_00019256","protein_coding","slc25a42:_Mitochondrial_coenzyme_A_transporter_SLC25A42_(Xenopus_tropicalis)",1012.5,1.66416,6.71408666666667,0.247860964956266,-2.01239701224165
"chrZ",13747157,13780055,"LOC_00019257","protein_coding","ARMC6:_Armadillo_repeat-containing_protein_6_(Homo_sapiens)",1335,1.10448,0.818592666666667,1.34924248038707,0.432149646889197
"chrZ",13780771,13813067,"LOC_00019258","protein_coding","SUGP2:_SURP_and_G-patch_domain-containing_protein_2_(Homo_sapiens)",2812.71,0.51416,1.39391866666667,0.36885939782235,-1.43885710169126
"chrZ",13979853,14027199,"LOC_00019262","protein_coding","Cers1:_Ceramide_synthase_1_(Mus_musculus)",894,14.9688466666667,268.315,0.0557883333643914,-4.16389273720291
"chrZ",14020251,14068138,"LOC_00019264","protein_coding","UPF1:_Regulator_of_nonsense_transcripts_1_(Homo_sapiens)",3369,17.3879,16.4340333333333,1.05804215236268,0.0813971055173336
"chrZ",14027970,14032364,"LOC_00019263","protein_coding","derriere:_Derriere_protein_(Xenopus_tropicalis)",1092,899.4,642.125333333333,1.40066113780487,0.48610796651786
"chrZ",14105379,14147299,"LOC_00019265","protein_coding","Comp:_Cartilage_oligomeric_matrix_protein_(Mus_musculus)",2289,0.640206666666667,2.00912333333333,0.318649759347775,-1.64995652369608
"chrZ",14240560,14259530,"LOC_00019266","protein_coding","KLHL26:_Kelch-like_protein_26_(Homo_sapiens)",1258,1.81378333333333,1.25250333333333,1.44812655189208,0.534187685162297
"chrZ",14306584,14312532,"LOC_00019268","protein_coding","F52C9.6:_Putative_uncharacterized_transposon-derived_protein_F52C9.6_(Caenorhabditis_elegans)",654,100.6601,29.7258333333333,3.3862835356452,1.75970277605208
"chrZ",14319938,14323402,"LOC_00019269","protein_coding","function_unknown",495,123.281833333333,2.35983666666667,52.2416805682879,5.70712940273144
"chrZ",14413981,14423842,"LOC_00019273","protein_coding","UBA52:_Ubiquitin-ribosomal_protein_eL40_fusion_protein_(Ovis_aries)",387,12.4759333333333,11.0243833333333,1.13166722855247,0.178449790063716
"chrZ",15187360,15196766,"LOC_00019283","protein_coding","Gjb3:_Gap_junction_beta-3_protein_(Mus_musculus)",639,12.9854533333333,10.2354066666667,1.26867976585851,0.34332795687729
"chrZ",15197702,15206193,"LOC_00019284","protein_coding","Rps15:_Small_ribosomal_subunit_protein_uS19_(Rattus_norvegicus)",469.5,10.99348,10.49965,1.04703299633797,0.0663069082697334
"chrZ",15242824,15278691,"LOC_00019286","protein_coding","gamt:_Guanidinoacetate_N-methyltransferase_(Xenopus_tropicalis)",741,5.0354,44.6062666666667,0.112885483952927,-3.14706811431726
"chrZ",15279978,15298758,"LOC_00019288","protein_coding","LINE-1_retrotransposable_element_ORF2_protein_(Homo_sapiens)",1554,211.828333333333,19.4858333333333,10.8708891074712,3.44239803511303
"chrZ",15724802,15773265,"LOC_00019294","protein_coding","F52C9.6:_Putative_uncharacterized_transposon-derived_protein_F52C9.6_(Caenorhabditis_elegans)",834,69.3719666666667,3.26806666666667,21.2272189469819,4.4078434659322
"chrZ",15758024,15773265,"LOC_00019295","protein_coding","FAM174C:_Protein_FAM174C_(Homo_sapiens)",426,10.5907333333333,0.778675666666667,13.6009558108703,3.76563613571215
"chrZ",15828845,15871847,"LOC_00019297","protein_coding","midn:_Midnolin_(Danio_rerio)",1090.5,2.55492666666667,0.28008,9.1221317718747,3.18937101050011
"chrZ",15950238,15967245,"LOC_00019298","protein_coding","CIRBP:_Cold-inducible_RNA-binding_protein_(Pongo_abelii)",523.2,4.02473333333333,27.181,0.148071569601315,-2.75563343152331
"chrZ",16113137,16232479,"LOC_00019301","protein_coding","SBNO2:_Protein_strawberry_notch_homolog_2_(Bos_taurus)",3951,1.85374333333333,3.25049333333333,0.570295996094952,-0.810217190943961
"chrZ",16160178,16171057,"LOC_00019302","protein_coding","function_unknown",426,296.128,304.656,0.972007772701014,-0.0409602444386402
"chrZ",16236205,16255941,"LOC_00019303","protein_coding","function_unknown",351,8.3764,25.8819666666667,0.323638466422567,-1.62754500374813
"chrZ",16262243,16311630,"LOC_00019304","protein_coding","POLRMT:_DNA-directed_RNA_polymerase,_mitochondrial_(Homo_sapiens)",3804,8.02456333333333,17.7306,0.452582728916863,-1.14374656415223
"chrZ",16321329,16372778,"LOC_00019305","protein_coding","HCN2:_Potassium/sodium_hyperpolarization-activated_cyclic_nucleotide-gated_channel_2_(Homo_sapiens)",2514,6.16746666666667,1.50255666666667,4.10464829945404,2.03725861216857
"chrZ",16391396,16429126,"LOC_00019306","protein_coding","BSG:_Basigin_(Gallus_gallus)",645,3.31745333333333,1.73458733333333,1.91253174145935,0.935483691787506
"chrZ",16429381,16456583,"LOC_00019307","protein_coding","CDC34:_Ubiquitin-conjugating_enzyme_E2_R1_(Homo_sapiens)",708,7.13983,37.3109333333333,0.191360262586123,-2.38563682055937
"chrZ",16434673,16462376,"LOC_00019308","protein_coding","TPGS1:_Tubulin_polyglutamylase_complex_subunit_1_(Homo_sapiens)",879,70.3737,18.6480666666667,3.77377994501664,1.91601029959729
"chrZ",16463102,16473730,"LOC_00019309","protein_coding","ZNF551:_Zinc_finger_protein_551_(Homo_sapiens)",687,13.3013,0.359795666666667,36.9690389081951,5.20824563285655
"chrZ",16472159,16476165,"LOC_00019310","protein_coding","function_unknown",306,9.32246666666667,0.702086666666667,13.278227759156,3.73099069837212
"chrZ",16503769,16525152,"LOC_00019311","protein_coding","MFSD14A:_Hippocampus_abundant_transcript_1_protein_(Homo_sapiens)",1581,1.93017666666667,2.020788,0.955160396175485,-0.0661850755226378
"chrZ",16545665,16581438,"LOC_00019313","protein_coding","Shc2:_SHC-transforming_protein_2_(Rattus_norvegicus)",1609.5,0.790846666666667,0.78508,1.00734532361882,0.0105583320739087
"chrZ",16747770,16771728,"LOC_00019315","protein_coding","function_unknown",696,26.4031833333333,28.9672666666667,0.911483421517161,-0.133711678790248
"chrZ",16779299,16788136,"LOC_00019317","protein_coding","function_unknown",831,9.22271333333333,16.7448533333333,0.550778985622647,-0.8604545788356
"chrZ",16890882,16944130,"LOC_00019322","protein_coding","ANO8:_Anoctamin-8_(Homo_sapiens)",3417,2.08974,0.685405666666667,3.04890972110434,1.60829343245873
"chrZ",16969305,17024973,"LOC_00019325","protein_coding","ELL:_RNA_polymerase_II_elongation_factor_ELL_(Homo_sapiens)",1658,6.74097666666667,0.254951666666667,26.4402141582391,4.72466195720113
"chrZ",17077416,17090093,"LOC_00019327","protein_coding","LRRC25:_Leucine-rich_repeat-containing_protein_25_(Homo_sapiens)",970.5,3.38576666666667,0.256608666666667,13.1942802659302,3.72184075020533
"chrZ",17142462,17181245,"LOC_00019329","protein_coding","PGPEP1:_Pyroglutamyl-peptidase_1_(Homo_sapiens)",531,4.35373333333333,1.04619633333333,4.16148785329968,2.05709942615718
"chrZ",17177340,17181230,"LOC_00019330","protein_coding","function_unknown",360,81.6268666666667,5.16517,15.8033262538632,3.98215634094163
"chrZ",17214429,17221899,"LOC_00019332","protein_coding","JUND:_Transcription_factor_JunD_(Gallus_gallus)",993,11.5639,7.99015,1.44726945051094,0.533333545730456
"chrZ",17362695,17377072,"LOC_00019334","protein_coding","RAB3A:_Ras-related_protein_Rab-3A_(Bos_taurus)",663,3.19712,66.7342333333333,0.0479082449936989,-4.38358222508886
"chrZ",17377156,17384823,"LOC_00019335","protein_coding","MPV17L2:_Mpv17-like_protein_2_(Bos_taurus)",595.5,10.2282333333333,111.5716,0.0916741655881365,-3.4473409600877
"chrZ",17384830,17395010,"LOC_00019336","protein_coding","HAUS8:_HAUS_augmin-like_complex_subunit_8_(Homo_sapiens)",813,7.26543333333333,2.00434,3.62485074055965,1.85792159091026
"chrZ",17414069,17486806,"LOC_00019337","protein_coding","Vmn2r26:_Vomeronasal_type-2_receptor_26_(Mus_musculus)",1251,1.58725666666667,1.36402333333333,1.16365800194034,0.218667113742488
"chrZ",18128251,18144618,"LOC_00019338","protein_coding","Vmn2r26:_Vomeronasal_type-2_receptor_26_(Mus_musculus)",2571,1.69721333333333,0.322587333333333,5.26125225003668,2.39540622155204
"chrZ",18258269,18289400,"LOC_00019339","protein_coding","Slc1a6:_Excitatory_amino_acid_transporter_4_(Mus_musculus)",929.625,4.949,0.977143333333333,5.06476361366296,2.34049493608376
"chrZ",18323305,18376625,"LOC_00019342","protein_coding","RANBP3:_Ran-binding_protein_3_(Macaca_fascicularis)",1464,1.65115333333333,1.49944666666667,1.10117510014805,0.139043893089098
"chrZ",18380578,18387100,"LOC_00019343","protein_coding","function_unknown",2397,7.61923333333333,12.152,0.626994184770683,-0.673476032468347
"chrZ",18387233,18417021,"LOC_00019344","protein_coding","function_unknown",225,67.6063333333333,26.9984666666667,2.50408047864447,1.32428092979269
"chrZ",18417121,18505787,"LOC_00019345","protein_coding","MYO9B:_Unconventional_myosin-IXb_(Homo_sapiens)",6198,6.27835,42.3975,0.148083023763194,-2.75552183533052
"chrZ",19410849,19430146,"LOC_00019350","protein_coding","AP1M1:_AP-1_complex_subunit_mu-1_(Homo_sapiens)",1263,7.82776,1.96468833333333,3.98422480919365,1.99429905352007
"chrZ",19443371,19450399,"LOC_00019352","protein_coding","Fam32a:_Protein_FAM32A_(Mus_musculus)",363,12.9347666666667,3.30823666666667,3.90986739159129,1.96711967742063
"chrZ",19458587,19466656,"LOC_00019353","protein_coding","tpm1:_Tropomyosin_alpha-1_chain_(Rana_temporaria)",855,6.00196666666667,1.13163,5.30382427707525,2.40703297778992
"chrZ",19488269,19493940,"LOC_00019354","protein_coding","KLF2:_Krueppel-like_factor_2_(Homo_sapiens)",954,12.5127166666667,59.2674,0.211123090715413,-2.2438437187659
"chrZ",19496147,19543980,"LOC_00019355","protein_coding","EPS15L1:_Epidermal_growth_factor_receptor_substrate_15-like_1_(Homo_sapiens)",1896,0.916743333333333,2.78551333333333,0.329111091432579,-1.60335344707858
"chrZ",19558914,19564254,"LOC_00019357","protein_coding","C19orf44:_Uncharacterized_protein_C19orf44_(Homo_sapiens)",2223,8.27100333333333,8.55597,0.966693821195415,-0.0488690744598438
"chrZ",19564465,19576823,"LOC_00019358","protein_coding","Cherp:_Calcium_homeostasis_endoplasmic_reticulum_protein_(Mus_musculus)",1368,18.3318666666667,49.9011666666667,0.367363488495593,-1.44471984781721
"chrZ",19588877,19603286,"LOC_00019360","protein_coding","med26:_Mediator_of_RNA_polymerase_II_transcription_subunit_26_(Xenopus_laevis)",1812,13.6404333333333,25.3036,0.539070856847774,-0.891453177931369
"chrZ",19778255,19795108,"LOC_00019364","protein_coding","SIN3B:_Paired_amphipathic_helix_protein_Sin3b_(Homo_sapiens)",3603,6.78734333333333,3.53547333333333,1.91978348962232,0.940943615081234
"chrZ",19795568,19803794,"LOC_00019365","protein_coding","F2rl3:_Proteinase-activated_receptor_4_(Mus_musculus)",1179,11.8168066666667,6.24106333333333,1.89339637102438,0.920976462098762
"chrZ",19802713,19813455,"LOC_00019366","protein_coding","CPAMD8:_C3_and_PZP-like_alpha-2-macroglobulin_domain-containing_protein_8_(Homo_sapiens)",733.713,19.0016233333333,77.1886,0.246171369001813,-2.02226511617241
"chrZ",19818527,19843474,"LOC_00019367","protein_coding","CPAMD8:_C3_and_PZP-like_alpha-2-macroglobulin_domain-containing_protein_8_(Homo_sapiens)",2116.5,0.70222,0.734723,0.955761559118198,-0.0652773515599429
"chrZ",19864834,19881719,"LOC_00019369","protein_coding","Pik3r2:_Phosphatidylinositol_3-kinase_regulatory_subunit_beta_(Rattus_norvegicus)",2184,2.77970666666667,1.02626633333333,2.70856265706206,1.43752746499658
"chrZ",19887806,19932023,"LOC_00019370","protein_coding","mast3:_Microtubule-associated_serine/threonine-protein_kinase_3_(Xenopus_laevis)",4458,6.10000666666667,1.32975433333333,4.58731850970969,2.19765108104658
"chrZ",19965268,19970467,"LOC_00019371","protein_coding","SAXO5:_Stabilizer_of_axonemal_microtubules_5_(Homo_sapiens)",1437,11.60727,12.0083466666667,0.966600175877667,-0.0490088376162255
"chrZ",19988502,19993353,"LOC_00019372","protein_coding","ARRDC2:_Arrestin_domain-containing_protein_2_(Homo_sapiens)",1224,1.29463666666667,1.28453,1.00786798803194,0.0113066849846381
"chrZ",20019486,20028740,"LOC_00019373","protein_coding","PEX11G:_Peroxisomal_membrane_protein_11C_(Homo_sapiens)",684,37.8077333333333,42.6996666666667,0.885433922200798,-0.175543448746154
"chrZ",20029546,20069253,"LOC_00019374","protein_coding","Arhgef18:_Rho_guanine_nucleotide_exchange_factor_18_(Mus_musculus)",1053,11.7046633333333,30.1417666666667,0.388320414751181,-1.36468054039375
"chrZ",20103080,20159711,"LOC_00019375","protein_coding","INSR:_Insulin_receptor_(Homo_sapiens)",2505,4.68682666666667,2.88047666666667,1.62710107007752,0.702303869185494
"chrZ",20162085,20181032,"LOC_00019376","protein_coding","USE1:_Vesicle_transport_protein_USE1_(Homo_sapiens)",694.2,11.4844333333333,4.89816,2.34464234188621,1.22936786690249
"chrZ",20181010,20185964,"LOC_00019377","protein_coding","function_unknown",435,15.3648,2.47668666666667,6.20377224410032,2.63314572242519
"chrZ",20196291,20216679,"LOC_00019378","protein_coding","LONP1:_Lon_protease_homolog,_mitochondrial_(Homo_sapiens)",2095.5,4.24609666666667,1.81592666666667,2.338253380276,1.22543127318045
"chrZ",20260101,20265362,"LOC_00019379","protein_coding","Vmn2r26:_Vomeronasal_type-2_receptor_26_(Mus_musculus)",906,13.5688333333333,5.92655333333333,2.28949822437549,1.19503144612713
